{
    "symbols": {},
    "enums": {},
    "base_types": {
        "unsigned long": {
            "kind": "int",
            "size": 4,
            "signed": false,
            "endian": "little"
        },
        "unsigned char": {
            "kind": "char",
            "size": 1,
            "signed": false,
            "endian": "little"
        },
        "pointer": {
            "kind": "int",
            "size": 4,
            "signed": false,
            "endian": "little"
        },
        "unsigned int": {
            "kind": "int",
            "size": 4,
            "signed": false,
            "endian": "little"
        },
        "unsigned short": {
            "kind": "int",
            "size": 2,
            "signed": false,
            "endian": "little"
        },
        "long": {
            "kind": "int",
            "size": 4,
            "signed": false,
            "endian": "little"
        }
    },
    "user_types": {
        "_GENERIC_CALLBACK": {
            "fields": {
                "Callback": {
                    "type": {
                        "kind": "pointer",
                        "subtype": {
                            "kind": "base",
                            "name": "void"
                        }
                    },
                    "offset": 4
                }
            },
            "kind": "struct",
            "size": 8
        },
        "_KBUGCHECK_CALLBACK_RECORD": {
            "fields": {
                "Entry": {
                    "type": {
                        "kind": "struct",
                        "name": "nt_symbols!_LIST_ENTRY"
                    },
                    "offset": 0
                },
                "CallbackRoutine": {
                    "type": {
                        "kind": "pointer",
                        "subtype": {
                            "kind": "base",
                            "name": "void"
                        }
                    },
                    "offset": 8
                },
                "Component": {
                    "type": {
                        "kind": "pointer",
                        "subtype": {
                            "kind": "base",
                            "name": "unsigned char"
                        }
                    },
                    "offset": 20
                }
            },
            "kind": "struct",
            "size": 32
        },
        "_KBUGCHECK_REASON_CALLBACK_RECORD": {
            "fields": {
                "Entry": {
                    "type": {
                        "kind": "struct",
                        "name": "nt_symbols!_LIST_ENTRY"
                    },
                    "offset": 0
                },
                "CallbackRoutine": {
                    "type": {
                        "kind": "pointer",
                        "subtype": {
                            "kind": "base",
                            "name": "void"
                        }
                    },
                    "offset": 8
                },
                "Component": {
                    "type": {
                        "kind": "pointer",
                        "subtype": {
                            "kind": "base",
                            "name": "unsigned char"
                        }
                    },
                    "offset": 12
                }
            },
            "kind": "struct",
            "size": 28
        },
        "_EX_CALLBACK_ROUTINE_BLOCK": {
            "fields": {
                "Function": {
                    "type": {
                        "kind": "pointer",
                        "subtype": {
                            "kind": "base",
                            "name": "void"
                        }
                    },
                    "offset": 4
                }
            },
            "kind": "struct",
            "size": 28
        }
    },
    "metadata": {
        "producer": {
            "version": "0.0.1",
            "name": "mhl by hand",
            "datetime": "2019-08-27T18:17:16.417006"
        },
        "format": "4.0.0"
    }
}